<odoo>
    <data>
        <!-- Quyền truy cập cho Manager -->
        <record id="ticket_support.access_support_ticket_type" model="ir.model.access">
            <field name="name">Access support ticket type for manager</field>
            <field name="model_id" ref="ticket_support.model_support_ticket_type"/>
            <field name="group_id" ref="ticket_support.group_ticket_manager"/>
            <field name="perm_read" eval="1"/>
            <field name="perm_write" eval="1"/>
            <field name="perm_create" eval="1"/>
            <field name="perm_unlink" eval="1"/>
        </record>

        <!-- Quyền truy cập cho User -->
        <record id="access_support_ticket_status_user" model="ir.model.access">
            <field name="name">Ticket tag access for user</field>
            <field name="model_id" ref="ticket_support.model_support_ticket_status"/>
            <field name="group_id" ref="ticket_support.group_ticket_user"/>
            <field name="perm_read">1</field>
            <field name="perm_write">0</field>
            <field name="perm_create">0</field> <!-- Sửa lại quyền tạo thành 0 -->
            <field name="perm_unlink">0</field>
        </record>
    </data>
</odoo>
