<odoo>
    <record id="module_category_real_ticket" model="ir.module.category">
        <field name="name">Technical Support Ticket</field>
        <field name="description">Helps you handle tickets</field>
        <field name="sequence">50</field>
    </record>
    
    <record id="group_ticket_user" model="res.groups">
        <field name="name">User: Manage own ticket</field>
        <field name="category_id" ref="ticket_support.module_category_real_ticket"/>
        <field name="users" eval="[Command.link(ref('base.user_demo'))]"/>
    </record>

    <record id="group_ticket_manager" model="res.groups">
        <field name="name">Manager: Manage all tickets</field>
        <field name="category_id" ref="ticket_support.module_category_real_ticket"/>
        <field name="implied_ids" eval="[(4, ref('ticket_support.group_ticket_user'))]"/>
        <field name="users" eval="[(4, ref('base.user_admin'))]"/>
    </record>

    <record id="group_ticket_test" model="res.groups">
        <field name="name">Test: Manage all tickets</field>
        <field name="category_id" ref="base.module_category_hidden"/>
    </record>
</odoo>
